{
    "num_heads=6_hidden_size=3.5_embed_size=1024": 64.10775756835938,
    "num_heads=10_hidden_size=3_embed_size=1024": 50.49887466430664
}