{
    "num_heads=6_hidden_size=3.5_embed_size=1024": 58.10775756835938,
    "num_heads=10_hidden_size=3_embed_size=1024": 42.49887466430664,
    "num_heads=12_hidden_size=2.5_embed_size=1024": 41.56602096557617,
    "num_heads=16_hidden_size=4096_embed_size=768": 1726.46,
    "num_heads=6_hidden_size=3.5_embed_size=1024_before_training": 947.4991455078125,
    "num_heads=10_hidden_size=3_embed_size=1024_before_training": 2694.693359375,
    "num_heads=12_hidden_size=2.5_embed_size=1024_before_training": 4573.84326171875,
    "untrained_num_heads=12_hidden_size=2.5_embed_size=1024_before_training": 58997.2265625,
    "untrained_num_heads=12_hidden_size=2.5_embed_size=1024": 5257.4375,
    "num_heads=16_hidden_size=4096_embed_size=768_before_training": 2.4e+21,
    "num_heads=10_hidden_size=2.5_embed_size=640": 2722.51,
    "num_heads=10_hidden_size=2.5_embed_size=640_before_training": 5400000000000000.0,
    "gpt_2_small_untrained": 2586.666259765625,
    "gpt_2_small_untrained_before": 54769.81,
    "depth=16_before_training": 43.56428146362305,
    "depth=16": 35.080421447753906,
    "depth=20_num_heads=12_mlp_exp=3.5_embed_size=1024_before_training": 85.16101837158203,
    "depth=20_num_heads=12_mlp_exp=3.5_embed_size=1024": 36.6318473815918,
    "num_heads=12_mlp_exp=2.5_embed_size=1024_before_training": 4044.10888671875,
    "num_heads=12_mlp_exp=2.5_embed_size=1024": 47.867706298828125
}